<?xml version="1.0" encoding="UTF-8"?>
<!DOCTYPE mapper
  PUBLIC "-//mybatis.org//DTD Mapper 3.0//EN"
  "http://mybatis.org/dtd/mybatis-3-mapper.dtd">
  
<mapper namespace="com.inhatc.mapper.MemberMapper">

  <select id="getTime" resultType="string">
  select now()
  </select>
  
  <insert id="insertMember" >
  insert into tbl_member (userid,userpw, username, email) values
  (#{userid}, #{userpw}, #{username}, #{email})
  </insert>

  <select id="selectMember" 
          resultType="com.inhatc.domain.MemberVO">
  select 
    * 
  from 
    tbl_member 
  where userid = #{userid}
  </select>
  
  <select id="readWithPW" 
         resultType="com.inhatc.domain.MemberVO">
  select 
    * 
  from 
    tbl_member 
  where 
    userid = #{userid} and userpw = #{userpw}
  </select>
  
  
</mapper>  

